id,first_appeared,early_date
844,1892,1859
927,1899,1900
1045,1899,1900
1114,1883,1892
1817,1900,1901
2448,1851,1854
2725,1882,1896
2870,1881,1866
3063,1,1892
3162,1856,1898
3386,1859,1881
3882,1894,1091
4356,1865,1858
4386,1865,1091
4488,1900,1882
5296,1,1884
5898,1884,1900
6654,1,1896
6852,1851,1883
6997,1896,1091
8015,1901,1913
8744,1858,1859
8749,1865,1856
8877,1851,1856
8958,1856,1862
9041,1856,1880
9093,1890,1897
9182,1886,1901
9263,1900,1901
9390,1885,1897
10148,1856,1851
10201,1887,1900
10422,1887,1900
10438,1856,1880
10985,1899,1901
11041,1900,1895
11101,1851,1882
11108,1881,1901
11134,1899,1901
11279,1856,1900
12172,1900,1901
12173,1900,1901
12176,1900,1901
13221,1889,1900
13268,1856,1881
13639,1891,1898
13730,1887,1900
13746,1887,1900
13880,1,1899
14929,1881,1856
15115,1900,1091
16195,1893,1882
16263,1856,1885
17704,1898,1900
18162,1881,1892
18556,1856,1892
18599,1900,190
19615,1900,1906
20421,1887,1900
21230,1859,1900
21511,1897,1900
21663,1900,1901
21755,1856,1866
21889,1900,1901
22619,1897,1899
22653,1900,1901
22893,1900,1899
24344,1891,1091
24924,1887,1856
25248,1880,1864
26505,1856,1899
26763,1857,1091
27111,1900,1895
27188,1881,1899
27250,1900,1091
27398,1881,1882
27692,1900,1091
28417,1884,1900
29631,1857,1856
29764,1901,1897
30511,1899,1893
31042,1900,1962
31124,1889,1899
32724,1900,1954
32745,1900,1974
32785,1900,1913
32811,1900,1947
33658,1900,1901
33702,1890,1891
33742,1946,1914
33907,1885,1856
36650,1899,1887
37530,1899,1901
38291,1899,1900
38462,1883,1934
38962,1881,1899
39353,1884,1914
39547,1851,1852
39607,1883,190
39768,1897,1091
40141,1901,1900
40612,1900,1888
41206,1857,1856
42326,1900,1954
42787,1900,1905
42830,1900,1901
44390,1905,1906
44930,1900,1888
45481,1858,1900
45572,1891,1866
45766,1901,1910
46193,1901,1900
47356,1862,1892
48030,1900,1887
48308,1881,1901
48407,1901,1900
48822,1953,1944
51226,1882,1900
51869,1858,1864
52958,1899,1901
53345,1884,1901
53382,1901,1898
53459,1900,1901
53533,1901,1913
54877,1893,1900
55451,1899,1900
56239,1887,1901
56241,1881,1901
56299,1901,1934
56436,1896,1091
56465,1900,1907
57142,1899,1900
57143,1899,1900
57512,1893,1900
57570,1856,1880
57822,1888,1900
57827,1899,1891
58397,1856,1892
58999,1856,1881
59049,1899,1900
60363,1900,1901
60684,1900,1901
61555,1881,1899
63008,1899,1901
63009,1899,1901
63456,1900,1899
63663,1900,1955
64446,1890,1901
64499,1899,1901
64667,1895,1901
64824,1901,1910
66423,1900,1913
66778,1881,1885
66914,1905,1906
68313,1856,1851
68318,1881,1851
68320,1856,1851
68323,1856,1851
68325,1856,1851
68326,1856,1851
68327,1856,1851
68328,1856,1851
68331,1856,1851
68335,1856,1851
68336,1856,1851
68337,1856,1851
68339,1856,1851
68341,1856,1851
69766,1914,1917
70151,1881,1901
70533,1899,1901
70744,1889,1900
71247,1901,1091
71459,1905,1889
71852,1899,1900
72883,1906,1905
72910,1891,1858
72985,1851,1898
73167,1896,1091
73831,1884,1901
74175,1900,1906
74430,1884,1856
74809,1856,1899
74811,1856,1851
74842,1892,1897
75052,1906,1900
75082,1,1905
75347,1893,1091
75789,1918,1091
76545,1862,1856
76556,1851,1862
76709,1899,1905
77200,1856,1851
77217,1856,1851
78237,1899,1910
78503,1906,1955
78990,1900,1866
79192,1900,190
80015,1882,1899
80539,1857,1880
80598,1881,1858
81923,1898,1964
81961,1899,1910
82750,1881,1899
82967,1881,1859
84890,1900,1906
84897,1851,1866
85299,1906,1900
87571,1851,1866
89336,1891,1914
89483,1900,1091
90845,1907,1905
92518,1857,1900
94338,1891,1961
95843,1901,1899
96152,1906,1907
98327,1884,1856
98762,1905,1912
98775,1905,1910
98788,1905,1958
98792,1905,1906
99320,1905,1969
99445,1905,1965
100251,1882,1969
100683,1895,1880
101478,1887,1900
101532,1899,1907
104021,1881,1900
105485,1894,1899
107311,1906,1900
107560,1859,1898
107975,1851,1862
111969,1884,1885
112958,1,1906
113960,1899,1907
114526,1899,1914
114568,1889,1900
115309,1917,1914
116029,1893,1962
116461,1884,1897
116808,1881,1901
117379,1881,1890
118623,1898,1890
118709,1856,1914
118715,1856,1918
121865,1901,1091
122118,1906,1900
122570,1975,1908
122728,1897,1935
122861,1899,1866
122969,1856,1851
124723,1851,1895
126040,1899,1910
126484,1851,1852
126505,1851,1887
126522,1851,1900
126535,1851,1916
126546,1851,1899
127275,1891,1883
127305,1900,1912
127331,1900,1912
127794,1899,1900
127802,1857,1893
129315,1881,1885
129585,1906,1914
132626,1944,1962
132776,1945,1947
132793,1931,1914
132878,1917,1914
132926,1944,1951
133210,1987,1981
133212,1914,1971
133374,1939,1947
133507,1970,1914
133723,1968,1961
133876,1981,1914
134446,1916,1914
135299,1956,1955
136525,1977,1987
137119,1959,1913
137840,1968,1914
137880,1955,1913
139045,1944,1959
139455,1969,1974
141075,1915,1914
141584,1954,1900
141612,1944,1957
141618,1959,1958
141619,1959,1958
141621,1944,1955
142168,1944,1953
143070,1935,1914
143277,1918,1972
144581,1999,1962
144979,1933,1913
147314,1914,1880
148091,1945,1982
148503,1945,1963
148694,1947,1948
150232,1948,1941
150540,1914,1913
150554,1981,1914
150639,1940,1913
150663,1958,1959
150915,1938,1914
151005,1958,1963
151104,1917,1914
151650,1957,1958
152237,1959,1914
153942,1966,1954
154753,1976,2012
155882,1918,1914
156500,1944,1946
157779,1937,1914
158018,1941,1913
158490,1944,1961
159692,1961,1955
160485,1998,2012
161239,1969,1961
161377,1954,1906
161603,1900,190
161609,1957,1958
161610,1900,190
161612,1900,190
163617,1965,1961
163619,1965,1961
164990,1965,1961
165076,1965,1961
165170,1965,1961
165207,1965,1961
165238,1965,1961
170177,1947,1952
170676,2012,1950
171010,1964,1914
175144,1957,1975
176302,1955,1969
176643,1912,1905
178034,1988,1969
182293,1900,1932
182825,1917,1913
183026,1941,1913
183066,1959,1958
183068,1959,1958
183445,1947,1949
183548,1940,1913
183874,1946,1949
184093,1959,1963
184139,1920,1914
184574,1963,1962
184580,1924,1914
184644,1939,1914
184707,1980,1959
184914,1939,1913
185109,1918,1915
185262,1955,1963
185351,1939,1914
185666,1918,1914
186188,1943,1914
187687,1916,1913
187707,1933,1914
187790,1947,1948
187845,1919,1913
189600,1938,1914
189899,1917,1914
190509,1918,1913
190760,1937,1914
191495,1966,1913
191700,1944,1961
191950,1917,1914
192235,1915,1914
192962,1944,1965
192965,1944,1946
193023,1944,1948
193043,1944,1938
195413,1910,1969
196829,1958,1966
197405,1947,1967
198113,1858,1865
198118,1858,1880
198119,1858,1882
198120,1858,1880
198154,1858,1865
198155,1858,1865
198174,1858,1865
198177,1858,1865
198266,1858,1865
198272,1858,1865
198276,1858,1865
198277,1858,1865
198279,1858,1865
198280,1858,1865
198282,1858,1865
198283,1858,1865
198343,1858,1900
198378,1858,1898
198683,1858,1900
198701,1858,1900
200117,1910,1905
201234,1899,1910
203940,1963,1967
204063,1858,1880
204596,1900,1913
204614,1900,1933
204616,1900,1913
204693,1900,1918
204839,1959,1968
204843,1959,1963
206435,1858,1900
207009,1858,1934
207075,1858,1914
207326,1957,1948
209178,1900,1883
209180,1900,1883
213794,1971,1974
214279,1940,1914
214535,1946,1913
214542,1950,1914
215452,1944,1973
215851,1955,1958
216521,1965,1970
216892,1944,1971
216929,1970,1971
217161,1973,1927
217733,1973,1914
218443,1959,1969
218501,1977,1978
218502,1977,1978
218504,1977,1978
218509,1977,1978
218526,1977,1978
218531,1977,1978
218533,1977,1978
218538,1977,1978
218540,1977,1978
218542,1977,1978
219202,1953,1978
220044,1914,1913
220238,1969,1914
220328,1970,1938
220329,1970,1938
220479,1944,1973
221049,1970,1938
221283,1977,1987
221739,1976,1958
221850,1976,1961
222694,1940,1976
222899,1951,1914
223016,1939,1913
223192,1954,1914
224808,1963,1900
224886,1965,1961
225391,1937,1913
226005,1957,1962
226219,1969,1959
227016,1946,1954
227120,1967,1913
228448,1966,1914
228656,1944,1961
228830,1917,1914
230124,1983,1978
230130,1983,1978
230741,1939,1973
231028,1929,1914
231110,1965,1963
231993,1926,1914
232004,1945,1958
232753,1962,1958
232946,1939,1914
233696,1919,1949
234266,1951,1944
235192,1945,1973
237589,1937,1914
238381,1944,1958
239298,1913,1914
239412,1937,1914
240632,1943,1907
240978,1953,1958
241151,1957,1958
242172,1955,1958
242364,1940,1914
243586,1939,1945
244485,1958,1959
244519,1958,1959
245358,1915,1921
245458,1954,1914
245787,1948,1914
246267,1957,1962
246560,1944,1958
246728,1957,1913
247402,1944,1914
247689,1945,1914
247717,1945,1957
247718,1945,1957
249039,1937,1913
249052,1954,1900
249129,1945,1959
249769,1959,1906
250463,1945,1959
250466,1945,1959
250468,1945,1959
251232,1946,1941
251233,1946,1941
252047,1914,1959
252687,1925,1913
253848,1988,1987
253851,1988,1987
253853,1988,1987
254684,1929,1937
254750,1934,1913
256070,1944,1913
256856,1959,1958
257802,1940,1962
258855,1941,1953
259018,1957,1955
262048,1947,1987
262050,1947,1987
262505,1987,1914
262607,1987,1913
265598,1950,1951
265605,1950,1951
265618,1950,1951
265623,1950,1951
265625,1950,1951
265982,1950,1951
265991,1950,1951
265998,1950,1951
266000,1950,1951
266003,1950,1951
266011,1950,1951
266013,1950,1951
266015,1950,1951
266016,1950,1951
266244,1940,1941
266292,1947,1949
266465,1940,1941
266494,1915,1914
266496,1947,1950
266499,1915,1914
266500,1915,1914
266622,1947,1952
266961,1950,1951
267216,1947,1949
267400,1940,1951
267531,1947,1950
267666,1947,1950
267667,1947,1950
268069,1947,1952
268087,1947,1949
268154,1941,1951
268536,1944,1951
268539,1940,1951
268542,1947,1951
268552,1952,1954
268559,1944,1951
268845,1944,1951
268847,1944,1951
268848,1944,1951
268849,1944,1951
268850,1952,1954
269135,1914,1913
269695,1940,1914
269837,1947,1950
270159,1940,1950
270385,1950,1914
271345,1961,1913
271867,1961,1914
272001,1963,1914
272489,1947,1949
272570,1917,1950
272668,1917,1963
272738,1947,1950
272973,1944,1951
273578,1944,1961
273579,1944,1961
273753,1959,1944
274072,1940,1914
274330,1937,1913
274476,1941,1961
274607,1944,1961
275844,1959,1906
275951,1933,1914
277350,1941,1959
279921,1954,1914
280719,1917,1954
281224,1947,1992
281457,1947,1989
283235,1953,1954
283280,1907,1990
283850,1947,1954
283851,1940,1954
283910,1940,1914
286252,1963,1913
286270,1919,1914
288154,1955,1963
289412,1946,1914
290917,1941,1914
290951,1916,1914
293579,1917,1914
293943,1953,1955
294126,1953,1914
294731,1939,1953
295159,1940,1914
295595,1953,1913
296143,1946,1955
296631,1939,1943
297119,1955,1914
297809,1919,1955
297950,1944,1946
299048,1916,1913
301510,1955,1913
301595,1955,1914
301710,1947,1955
303775,1945,1913
303819,1945,1948
305328,1941,1914
306478,1944,1948
306575,1933,1913
306908,1943,1944
307190,1944,1971
307218,1944,1958
307271,1941,1913
307572,1943,1945
307615,1919,1913
307616,1918,1913
308057,1938,1914
308188,1945,1913
308558,1945,1913
309498,1947,1948
309536,1947,1948
309875,1947,1948
310015,1933,1913
310266,1947,1948
310337,1939,1913
310573,1947,1941
310593,1947,1914
310665,1947,1949
311005,1938,1914
312019,1947,1914
313055,1949,1941
313611,1918,1914
313707,1949,1914
313776,1917,1914
314659,1948,1914
314726,1928,1949
315348,1940,1949
315984,1935,1949
316176,1915,1914
318067,1946,1914
319155,1943,1859
319446,1940,1941
319719,1914,1913
319791,1943,1866
319840,1939,1914
320199,1917,1914
320543,1928,1914
320544,1928,1914
320763,1941,1914
320853,1943,1914
321458,1890,1901
322443,1901,1898
323779,1933,1937
325487,1939,1941
325728,1917,1939
326205,1918,1939
328020,1940,1914
328658,1914,1916
328757,1940,1914
329254,1940,1913
329392,1940,1914
329703,1940,1914
331384,1940,1914
332199,1976,1972
332245,1914,1941
332742,1941,1914
332795,1926,1914
332801,1933,1914
332814,1941,1913
332854,1941,1914
333672,1935,1931
336763,1918,1913
336833,1937,1914
338321,1937,1913
338344,1921,1914
338835,1937,1900
338969,1937,1913
342692,1917,1913
342808,1914,1880
343219,1938,1913
344864,1931,1913
345156,1914,1913
346021,1938,1910
346947,1938,1914
347476,1928,1914
349838,1933,1914
349966,1917,1914
350051,1933,1913
350083,1933,1914
350345,1933,1914
350410,1933,1914
350423,1933,1914
350468,1929,1933
351103,1917,1913
351281,1914,1913
351365,1933,1914
351681,1920,1913
351716,1933,1914
352729,1933,1914
353692,1933,1914
354161,1933,1913
354773,1933,1914
355070,1933,1914
355073,1933,1913
356236,1929,1933
359099,1915,1933
359196,1917,1933
359874,1928,1914
362523,1928,1914
363278,1933,1914
365222,1929,1913
365932,1965,1959
366439,1931,1914
367390,1931,1928
367402,1931,1913
368016,1933,1914
368243,1926,1914
368417,1917,1913
369633,1933,1914
369763,1921,1914
370117,1921,1914
370454,1921,1914
370592,1921,1914
370665,1924,1914
371017,1933,1913
372383,1921,1914
372564,1914,1913
372934,1917,1913
373452,1920,1913
374968,1918,1920
375009,1917,1914
376541,1919,1914
376974,1917,1914
377063,1918,1913
377687,1918,1914
378818,1917,1914
378871,1916,1914
378872,1917,1914
379055,1919,1914
379081,1917,1914
379235,1917,1918
379274,1914,1917
379275,1919,1914
380235,1919,1914
380737,1916,1913
380972,1914,1913
380999,1915,1914
381007,1915,1914
381841,1916,1918
381858,1914,1913
382039,1916,1913
382265,1916,1914
382313,1916,1914
382465,1916,1914
382466,1914,1880
382567,1914,1880
382570,1914,1880
382678,1914,1913
382785,1916,1913
382910,1916,1914
382942,1915,1914
383054,1916,1914
383168,1916,1913
383207,1914,1880
383395,1916,1914
383417,1915,1914
383443,1915,1914
383464,1916,1914
383505,1916,1914
383531,1916,1914
383541,1916,1913
383554,1914,1913
383662,1915,1914
383704,1915,1914
383789,1916,1914
383916,1916,1914
384009,1916,1914
384018,1916,1914
384041,1916,1914
384365,1917,1914
384650,1918,1914
384823,1917,1914
384830,1918,1913
384903,1917,1918
384910,1918,1914
385437,1918,1914
385522,1918,1913
385525,1918,1914
385528,1918,1914
385748,1914,1918
386257,1915,1918
386302,1973,1905
386584,1918,1916
386751,1918,1914
386931,1917,1913
387738,1901,1900
387871,1918,1914
387910,1917,1914
388392,1918,1913
388558,1918,1913
388625,1918,1917
388844,1917,1914
389670,1918,1915
389844,1918,1913
390437,1917,1914
391596,1918,1913
392125,1915,1914
392418,1915,1914
392827,1917,1914
393513,1917,1914
393551,1917,1914
393817,1917,1914
394359,1917,1914
394382,1917,1914
394839,1917,1914
395339,1917,1913
395479,1914,1917
395655,1917,1914
395750,1917,1913
396040,1915,1914
396083,1917,1913
397247,1917,1914
397343,1917,1914
398043,1917,1914
398721,1917,1913
398739,1917,1914
399085,1917,1914
399150,1917,1914
399370,1917,1914
399627,1917,1914
400925,1917,1893
400961,1900,1913
401009,1917,1914
401272,1917,1914
402383,1917,1914
402408,1917,1914
402412,1917,1914
402570,1905,1897
402583,1899,1888
403118,1915,1917
403448,1914,1917
403489,1899,1891
404104,1916,1880
404373,1917,1914
404381,1915,1914
404459,1917,1914
404786,1916,1914
404992,1917,1914
405081,1917,1914
405089,1917,1913
405100,1917,1914
405104,1917,1914
405105,1917,1914
405106,1917,1914
406973,1917,1914
408239,1917,1880
409219,1943,1914
409547,1917,1914
409558,1917,1914
409887,1917,1914
409996,1917,1914
411028,1971,1900
411030,1976,1971
412919,1917,1914
414105,1978,1976
415068,1915,1918
415420,1917,1914
416373,1928,2928
416485,1928,2928
416487,1928,2928
416488,1928,2928
416489,1928,2928
416490,1928,2928
416491,1928,2928
416492,1928,2928
416493,1928,2928
416494,1928,2928
416495,1928,2928
416496,1928,2928
416765,1901,1900
416779,1906,1901
418102,1959,1967
420711,1917,1914
421624,1900,1901
421996,1891,1886
423261,1915,1913
423306,1915,1914
423316,1915,1914
423414,1915,1914
423478,1915,1914
423485,1915,1914
423571,1915,1914
423572,1915,1914
424046,1915,1913
424130,1915,1913
424558,1915,1914
424802,1914,1913
425223,1915,1914
425231,1915,1913
425241,1914,1915
425287,1915,1913
425478,1915,1914
425681,1915,1914
425751,1915,1914
425824,1915,1914
425918,1915,1914
425940,1915,1914
426023,1915,1914
426138,1915,1914
426273,1915,1914
426318,1915,1914
426328,1915,1914
426373,1915,1914
426420,1915,1914
426468,1915,1914
426509,1915,1914
426538,1915,1914
426565,1915,1914
426653,1915,1914
426656,1915,1914
426796,1915,1914
426805,1915,1914
426824,1915,1914
426897,1915,1914
426969,1959,1985
427022,1915,1914
427158,1915,1914
427160,1915,1914
427164,1915,1914
427171,1915,1914
427522,1915,1914
427690,1939,1958
427788,1915,1914
427945,1915,1914
428205,1915,1914
428321,1915,1914
428322,1915,1914
428382,1915,1914
428465,1915,1914
428555,1915,1914
428592,1893,1899
428714,1914,1915
428741,1915,1914
428743,1915,1914
428811,1915,1914
429994,1914,1913
430269,1914,1913
430336,1914,1913
430427,1914,1913
430542,1914,1913
430768,1914,1913
431201,1899,1886
431299,1914,1913
431300,1914,1913
431453,1914,1913
431797,1914,1913
431865,1914,1913
432036,1914,1913
432099,1914,1913
432605,1914,1913
433005,1913,1914
433379,1914,1913
433459,1914,1913
433549,1914,1913
433893,1914,1913
433935,1914,1913
433936,1914,1913
433938,1914,1913
433940,1914,1913
433953,1914,1913
433956,1914,1913
433961,1914,1913
433963,1914,1913
433964,1914,1913
433965,1914,1913
433968,1914,1913
433986,1914,1913
433987,1914,1913
434119,1914,1913
434244,1914,1913
434443,1914,1913
434482,1914,1913
434553,1914,1913
434557,1914,1913
434690,1914,1913
434724,1914,1913
435261,1914,1913
435263,1914,1913
435459,1914,1913
435610,1914,1913
435668,1914,1913
435738,1914,1913
435783,1914,1913
435795,1914,1913
435803,1914,1913
435808,1914,1913
435815,1914,1913
435822,1914,1913
435823,1914,1913
435826,1914,1913
435827,1914,1913
435828,1914,1913
435830,1914,1913
435831,1914,1913
435834,1914,1913
436025,1914,1913
436032,1914,1913
436054,1914,1913
436062,1914,1913
436068,1914,1913
436085,1914,1913
436086,1914,1913
436137,1914,1913
436168,1914,1913
436205,1913,1914
436206,1913,1914
436263,1914,1913
436265,1914,1913
436266,1914,1913
436638,1914,1913
436640,1914,1913
436728,1914,1913
436735,1914,1913
436737,1914,1913
436754,1914,1913
436760,1914,1913
437001,1914,1913
437280,1914,1913
437768,1933,1914
437783,1914,1913
437784,1914,1913
437853,1914,1913
437861,1914,1913
437864,1914,1913
437867,1914,1913
437870,1914,1913
437873,1914,1913
438324,1918,1913
438732,1914,1913
438897,1914,1913
439232,1883,1881
439278,1915,1914
440003,1917,1914
440004,1917,1914
440006,1917,1914
441361,1,1914
441362,1,1914
441587,1913,1914
441834,1914,1913
441836,1914,1913
442012,1914,1913
442027,1914,1880
442117,1914,1880
442119,1914,1880
442141,1914,1913
442524,1914,1913
442570,1914,1913
442894,1914,1913
443584,1914,1913
443585,1914,1913
443586,1914,1913
443587,1914,1913
445122,1914,1900
445431,1914,1913
445813,1914,1913
445814,1914,1913
445991,1914,1906
446328,1914,1913
446332,1914,1913
446336,1914,1913
446453,1914,1913
446486,1914,1913
446487,1914,1913
446488,1914,1913
446489,1914,1913
446490,1914,1913
446492,1914,1913
446493,1914,1913
446556,1914,1913
446561,1914,1913
446563,1914,1913
446564,1914,1913
446565,1914,1913
446577,1914,1913
446578,1914,1913
446579,1914,1913
446580,1914,1913
446582,1914,1913
446583,1914,1913
446584,1914,1913
446585,1914,1913
446586,1914,1913
446587,1914,1913
446590,1914,1913
446592,1914,1913
446593,1914,1913
448102,1914,1913
448396,1914,1913
448398,1914,1913
448399,1914,1913
448401,1914,1913
448489,1914,1913
448492,1914,1913
448754,1914,1913
448928,1914,1913
448929,1914,1913
448935,1914,1913
449556,1914,1913
449581,1924,1914
449661,1914,1913
450210,1914,1913
450267,1914,1913
450371,1914,1913
451018,1914,1913
451036,1915,1914
451350,1914,1913
451411,1914,1913
451413,1914,1913
451678,1912,1914
451973,1964,1900
451974,1894,1891
452123,1917,1914
452145,1917,1914
452333,1918,1914
453980,1917,1914
453982,1917,1914
456131,1913,1914
456867,1918,1914
457005,1918,1913
458144,1917,1914
458299,1917,1914
458300,1917,1914
458301,1917,1914
458302,1917,1914
458303,1917,1914
458304,1917,1914
458307,1917,1914
458308,1917,1914
458738,1917,1914
459468,1913,1914
460951,1918,1914
461337,1913,1914
461562,1915,1914
461639,1959,1914
462039,2000,1938
462040,2000,1938
462347,1913,1914
462349,1917,1914
462641,1912,1914
465593,1915,1917
468173,1,2001
468174,1,2001
468689,1,2001
468690,1,2001
468731,1,2001
468733,1,2001
468892,1,1912
468965,1,2001
468966,1,2001
469086,1,2001
469094,1,2001
469716,1917,1913
471673,1895,1912
472754,1998,2012
472758,1998,2012
472760,1998,2012
472761,1998,2012
473584,1905,1907
473776,1912,1906
474057,1900,1897
474901,1912,1900
475204,1912,1905
475209,1912,1905
475525,1912,1896
475541,1912,1900
475554,1912,1905
475555,1912,1906
475624,1985,1959
476092,1998,2012
476094,1998,2012
476095,1998,2012
476096,1998,2012
476097,1998,2012
476098,1998,2012
476100,1998,2012
476101,1998,2012
476102,1998,2012
476103,1998,2012
477137,1943,1913
477220,1938,1913
479328,1901,1899
479335,1900,1899
479338,1900,1899
479339,1900,1899
479354,1968,1899
479379,1937,1910
479446,1901,1899
479447,1910,1899
479766,1913,1900
479771,1955,1905
479888,1913,1893
480126,1937,1901
480127,1901,1899
480353,1935,1910
480496,1913,1906
481324,1972,1900
484145,1901,1900
484201,1935,1899
484296,1913,1900
484558,1937,1907
489503,1937,1935
489550,1959,1969
490777,1928,2928
491007,1976,2012
491022,1960,1905
491394,1971,1965
491609,1968,1963
491868,1921,1910
491872,1906,1901
493544,1959,1955
493846,1889,1884
494318,1917,1900
497334,1976,2012
497335,1976,2012
497336,1976,2012
497337,1976,2012
497338,1976,2012
497340,1976,2012
497341,1976,2012
497342,1976,2012
497343,1976,2012
497345,1976,2012
497346,1976,2012
497350,1976,2012
497351,1976,2012
497352,1976,2012
497353,1976,2012
497354,1976,2012
497355,1976,2012
497356,1976,2012
497357,1976,2012
497358,1976,2012
497359,1976,2012
497360,1976,2012
497362,1976,2012
497363,1976,2012
497364,1976,2012
497366,1976,2012
497367,1976,2012
497368,1976,2012
497369,1976,2012
497370,1976,2012
497372,1976,2012
497377,1976,2012
497378,1976,2012
497379,1976,2012
497380,1976,2012
497381,1976,2012
497382,1976,2012
497385,1976,2012
497386,1976,2012
497387,1976,2012
497388,1976,2012
497389,1976,2012
497390,1976,2012
497391,1976,2012
497392,1976,2012
497393,1976,2012
497394,1976,2012
497395,1976,2012
497396,1976,2012
497397,1976,2012
497398,1976,2012
497399,1976,2012
497402,1976,2012
497404,1976,2012
497405,1976,2012
497407,1976,2012
497408,1976,2012
497410,1976,2012
497411,1976,2012
497412,1976,2012
497415,1976,2012
497416,1976,2012
497417,1976,2012
497418,1976,2012
497419,1976,2012
497420,1976,2012
497422,1976,2012
497424,1976,2012
497425,1976,2012
497426,1976,2012
497427,1976,2012
497428,1976,2012
497429,1976,2012
497430,1976,2012
497431,1976,2012
497432,1976,2012
497434,1976,2012
497435,1976,2012
497436,1976,2012
497437,1976,2012
497438,1976,2012
497439,1976,2012
497440,1976,2012
497441,1976,2012
497442,1976,2012
497443,1976,2012
497444,1976,2012
497445,1976,2012
497446,1976,2012
497447,1976,2012
497448,1976,2012
497449,1976,2012
497450,1976,2012
497451,1976,2012
497452,1976,2012
497453,1976,2012
497456,1976,2012
497457,1976,2012
497458,1976,2012
497461,1976,2012
497462,1976,2012
497464,1976,2012
497465,1976,2012
497466,1976,2012
497467,1976,2012
497468,1976,2012
497469,1976,2012
497470,1976,2012
497471,1976,2012
497943,1900,1913
498292,1901,1899
498904,1913,1859
502006,1935,1913
502368,1981,1975
502525,1959,1955
502527,1959,1955
502534,1957,1955
502539,1959,1955
502945,1937,1906
503127,1954,1906
503519,1935,1916
503845,1966,1954
503846,1966,1954
503875,1966,1954
503996,1959,1955
504002,1913,1905
504157,1959,1955
504512,1937,1900
504556,1955,1925
505110,1966,1954
505130,1957,1938
505433,1934,1906
505642,1901,1897
505666,1901,1900
505715,1905,1895
505935,1921,1891
505958,1891,1884
506126,1939,1913
506339,1907,1900
506430,1901,1900
506830,1900,1905
510825,1898,1897
515682,1854,1091
515683,1897,1880
515688,1,1091
515690,1880,1091
515694,1881,1859
515695,1862,1859
515700,1,1856
515708,1,1091
515718,1851,190
515721,1851,1858
515722,1892,1889
515725,1852,1091
515727,1,1091
515732,1,190
515733,1858,190
515738,1,1893
515741,1,1889
515743,1,1091
515745,1,1880
515747,1856,190
515749,1851,1091
515750,1852,1091
515764,1,1853
515765,1889,1880
515768,1,1091
515772,1882,1091
515773,1,1881
515780,1851,1091
515784,1896,1880
515795,1858,1856
515800,1865,1091
515803,1887,1091
515807,1881,1880
515812,1893,1900
515813,1851,1859
515821,1858,190
515826,1866,1858
515828,1,190
515835,1,1858
515836,1892,1880
515843,1,1899
515845,1,1851
515850,1,1898
515851,1888,190
515856,1,1892
515858,1,1880
515865,1851,1852
515874,1,1865
515876,1,1853
515877,1859,1880
515880,1865,1859
515885,1,1889
515909,1,1892
515912,1,1892
515914,1859,1884
515939,1,1881
515941,1,1853
515946,1889,1880
515947,1898,1091
515949,1,1859
515960,1854,190
515964,1859,1856
515965,1,1894
515971,1853,190
515974,1900,1901
515976,1,1881
515986,1893,1880
515988,1859,1893
515990,1,1856
516002,1856,1858
516013,1858,190
516025,1,1882
516026,1,1893
516032,1,1862
516043,1858,1865
516074,1,190
516075,1,1865
516083,1,1881
516084,1898,1880
516103,1858,1865
516104,1,1900
516112,1901,1900
516116,1880,190
516126,1892,190
516148,1,1889
516161,1851,1864
516165,1865,1858
516180,1851,1865
516187,1,1865
516189,1,1892
516208,1884,1880
516241,1889,1899
516243,1856,1881
516257,1851,1852
516268,1892,1882
516270,1858,1865
516278,1,1882
516297,1851,1856
516298,1856,1851
516302,1851,1856
516303,1851,1858
516308,1862,1858
516326,1900,190
516338,1,1896
516344,1884,1091
516359,1882,1091
516384,1,1880
516412,1888,1900
516420,1887,190
516425,1854,1091
516495,1,1853
516502,1,1859
516504,1882,1880
516507,1892,1866
516524,1,1896
516536,1894,1880
516562,1900,1880
516565,1851,1854
516574,1,1891
516578,1892,1880
516589,1892,1889
516593,1884,1859
516605,1858,1856
516628,1,1889
516641,1851,1091
516656,1893,1880
516660,1859,190
516690,1,1858
516705,1851,1091
516707,1866,1091
516739,1,1895
516771,1,1852
516775,1,1899
516789,1856,1882
516811,1856,1866
516836,1898,1889
516854,1,1897
516861,1882,1866
516897,1,1889
516918,1,1865
516927,1,1892
516933,1,1888
516935,1,1856
516968,1881,1858
516977,1,1865
516979,1,1894
517016,1,1892
517050,1,1892
517065,1889,1880
517079,1887,1856
517116,1851,1883
517131,1882,1091
517132,1900,1880
517144,1,1900
517146,1882,1880
517162,1859,1880
517179,1854,1091
517185,1884,1889
517205,1859,1889
517206,1851,1865
517234,1859,1858
517253,1861,1858
517272,1856,1091
517293,1865,1856
517356,1,1891
517358,1897,1880
517364,1897,1880
517373,1858,1882
517388,1886,1890
517404,1853,1896
517408,1859,1881
517412,1889,1880
517457,1,1894
517476,1,1882
517566,1881,1880
517583,1,190
517608,1,1892
517639,1889,1880
517641,1891,1880
517651,1890,1091
517656,1,1899
517707,1859,190
517740,1898,190
517750,1892,1880
517757,1895,1880
517800,1864,1881
517809,1858,190
517821,1862,1091
517880,1,1882
517890,1891,1890
517894,1859,1865
517960,1899,1880
517988,1873,190
518035,1,1892
518037,1,1889
518053,1,1880
518092,1,1900
518099,1,1887
518132,1889,1880
518141,1899,190
518151,1900,1880
518152,1894,1880
518174,1900,1880
518196,1880,190
518214,1882,1900
518230,1900,1918
518290,1865,1859
518296,1858,1859
518313,1,1889
518318,1,1900
518319,1,1900
518323,1,1858
518361,1,1898
518411,1,1858
518421,1865,190
518485,1864,1889
518526,1881,1896
518572,1884,1858
518573,1890,1888
518586,1881,1858
518602,1851,1862
518643,1900,1091
518648,1873,1091
518649,1881,1091
518670,1,1895
518677,1,1900
518685,1,1900
518690,1,1894
518715,1900,1899
518722,1851,1864
518723,1892,1866
518753,1856,1851
518777,1,1898
518784,1900,1898
518803,1865,1858
518805,1,1900
518806,1859,1892
518847,1882,1900
518904,1882,1900
518906,1889,1880
518917,1900,1880
518924,1,1880
518975,1881,1882
519025,1901,1900
519045,1856,1865
519053,1,1896
519080,1862,1091
519114,1859,1880
519175,1,1899
519194,1900,1897
519211,1,1898
519218,1892,1884
519237,1866,1856
519352,1900,1880
519371,1859,1881
519385,1906,1913
519400,1900,1880
519422,1899,1889
519425,1899,1900
519439,1888,1891
519461,1,1891
519466,1859,1900
519467,1859,1900
519571,1900,1091
519631,1,1900
519650,1899,1880
519661,1889,1900
519815,1,1900
519889,1900,1880
519905,1893,1880
520011,1,1900
520020,1,1894
520030,1,1912
520085,1906,1913
520160,1900,1905
520182,1,1900
520202,1899,1900
520279,1,1900
520281,1,1892
520371,1895,1886
520379,1,1893
520391,1895,1906
520419,1893,1899
520510,1889,1900
520550,1900,1899
520552,1900,1899
520556,1,1900
520676,1900,1091
520681,1,1900
520691,1,1900
520696,1898,1091
520813,1851,1856
520829,1,1900
520880,1900,1901
520927,1,1896
520998,1890,1889
521000,1,1898
521101,1889,1892
521115,1,1887
521172,1882,1901
521193,1,1882
521234,1900,1889
521286,1851,1866
521335,1,1900
521446,1,1905
521615,1900,1895
521634,1856,1880
521759,1,1887
521862,1899,1091
521872,1899,1901
521873,1900,1899
521874,1900,1905
521904,1892,1889
521996,1890,1900
522063,1898,1889
522077,1901,1880
522086,1900,1889
522180,1898,1880
522392,1881,1858
522401,1892,1882
522442,1900,1856
522480,1892,1890
522521,1,1899
522712,1900,1893
522733,1859,1900
522774,1887,1091
522801,1893,1896
522822,1889,1900
522828,1,1865
522893,1866,1881
523000,1,1899
523094,1900,1898
523100,1901,1900
523150,1900,1901
523211,1900,1898
523318,1,1865
523363,1900,1880
523393,1897,1887
523509,1857,1893
523514,1856,1862
523537,1907,1920
523557,1905,1901
523610,1895,1906
523628,1881,1882
523639,1900,1888
523641,1905,1906
523649,1905,1880
523659,1,1881
523692,1858,1899
523705,1856,1851
523706,1893,1851
523707,1893,1851
523801,1907,1880
523802,1907,1880
523803,1907,1880
523838,1855,1851
523839,1859,1857
523889,1,1898
523911,1900,1880
523922,1,1900
523944,1,1907
524001,1897,1866
524114,1,1899
524118,1,1905
524143,1,1893
524237,1900,1889
524354,1888,1912
524600,1905,1906
524687,1,1901
524695,1900,1880
524756,1900,1889
524822,1,1907
525136,1,1892
525248,1881,1901
525251,1900,1880
525266,1900,1865
525506,1,1900
525525,1905,1971
525528,1895,1913
525542,1900,1907
525641,1905,1880
525757,1892,1880
525777,1858,1900
525811,1899,1900
525882,1907,1899
525900,1,1905
525927,1905,1866
526051,1900,1906
526054,1,1907
526055,1,1907
526068,1,1907
526070,1,1906
526071,1,1896
526072,1,1907
526119,1907,1913
526123,1896,1091
526139,1890,1972
526149,1899,1900
526168,1900,1880
526184,1907,1914
526198,1899,1891
526211,1939,1914
526366,1905,1891
526385,1901,1899
526423,1883,1881
526480,1907,1880
526504,1918,1900
526519,1857,1889
526575,1908,1880
526588,1881,1851
526689,1857,1913
526690,1857,1900
526821,1916,1913
526870,1938,1905
526878,1914,1913
526893,1915,1890
526949,1918,1905
526961,1937,1901
526969,1939,1914
526990,1933,1914
526994,1914,1913
527014,1,1912
527053,1945,1953
527065,1919,1914
527106,1917,1914
527115,1917,1914
527161,1972,1913
527174,1,1912
527180,1,1913
527208,1896,1938
527213,1914,1880
527216,1932,1913
527217,1920,1914
527239,1914,1913
527245,1,1912
527268,1987,1978
527276,1917,1914
527299,1944,1914
527320,1917,1914
527321,1966,1962
527324,1938,1915
527327,1914,1913
527339,1917,1914
527359,1971,1955
527366,1917,1914
527417,1976,1980
527446,1916,1971
527462,1948,1913
527493,1917,1914
527577,1965,1958
527591,1921,1913
527617,1914,1913
527621,1921,1913
527623,1917,1914
527653,1965,1913
527711,1969,1975
527762,1937,1914
527771,1917,1914
527794,1917,1913
527802,1914,1913
527820,1915,1914
527821,1930,1913
527831,1920,1913
527839,1918,1914
527871,1917,1913
527876,1967,1963
527895,1916,1913
527904,1917,1914
527941,1943,1913
527944,1916,1914
527959,1915,1914
527977,1,1913
527979,1943,1914
528004,1917,1914
528024,1962,1961
528025,1962,1961
528032,1941,1914
528038,1918,1914
528042,1956,1913
528073,1899,1914
528075,1917,1913
528103,1917,1914
528122,1917,1914
528135,1917,1913
528139,1916,1913
528155,1939,1914
528164,1939,1913
528172,1917,1914
528216,1917,1913
528225,1915,1914
528228,1915,1914
528233,1917,190
528236,1949,1938
528239,1914,1913
528243,1918,1914
528246,1917,1914
528247,1906,1939
528248,1924,1914
528249,1914,1913
528251,1924,1914
528255,1924,1914
528259,1917,1914
528265,1914,1913
528267,1919,1941
528277,1914,1913
528283,1918,1917
528368,1908,1895
528369,1856,1865
528384,1858,1856
528389,1865,1856
528409,1865,1910
528417,1884,1910
528459,1910,1884
528473,1912,1939
528483,1900,1917
528484,1900,1914
528485,1900,1914
528486,1900,1915
528487,1900,1913
528488,1900,1914
528493,1900,1957
528497,1968,1950
528498,1954,1914
528500,1881,1938
528501,1881,1901
528574,1953,1914
528578,1916,1913
528599,1914,1913
528607,1971,1912
528610,1955,1913
528658,1937,1913
528669,1971,1955
528691,1955,1913
528694,1977,2012
528706,1978,1913
528708,1978,1957
528711,1917,1914
528716,1949,1938
528741,1882,1914
528756,1914,1913
528779,1917,1913
528787,1951,1914
528791,1917,1913
528803,1917,1914
528804,1933,1914
528825,1937,1940
528845,1984,1914
528851,1965,1905
528888,1919,1913
528896,1937,1914
528907,1851,1857
528909,1958,1914
528930,1958,1914
528931,1958,1914
528947,1917,1914
528962,1915,1914
528969,1939,1943
528976,1941,1945
529025,1917,1914
529031,1958,1914
529051,1917,1913
529056,1917,1914
529072,1957,1914
529080,1959,1907
529098,1944,1959
529111,1941,1914
529128,1917,1914
529131,1921,1914
529143,1959,1914
529156,1915,1890
529159,1941,1914
529186,1,1912
529203,1915,1914
529230,1962,1914
529231,1921,1914
529232,1958,1955
529239,1914,1913
529257,1917,1914
529261,1965,1907
529272,1940,1914
529273,1917,1913
529279,1987,1914
529280,1955,1912
529298,1917,1913
529303,1916,1913
529335,1917,1914
529355,1952,1914
529361,1915,1914
529387,1946,1914
529390,1920,1950
529394,1947,1914
529398,1947,1949
529401,1927,1913
529423,1933,1913
529424,1944,1945
529431,1961,1913
529437,1950,1914
529446,1961,1914
529451,1961,1914
529471,1912,1900
529473,1950,1943
529475,1961,1914
529477,1950,1914
529483,1914,1880
529484,1916,1914
529509,1961,1938
529513,1917,1918
529526,1954,1914
529534,1953,1913
529540,1954,1914
529574,1954,1913
529575,1946,1954
529576,1939,1941
529591,1914,1913
529599,1917,1913
529618,1963,1913
529629,1914,1913
529653,1963,1913
529663,1948,1913
529680,1917,1918
529703,1940,1914
529720,1953,1913
529759,1955,1914
529774,1943,1913
529787,1914,1913
529810,1914,1913
529811,1955,1928
529827,1914,1913
529852,1914,1913
529853,1914,1913
529867,1945,1914
529886,1944,1913
529892,1944,1938
529927,1918,1913
529937,1917,1914
529942,1915,1914
529946,1944,1914
529954,1914,1913
529975,1947,1913
529976,1,1912
529977,1920,1946
529985,1946,1914
530037,1948,1914
530040,1940,1914
530042,1914,1880
530047,1916,1914
530048,1948,1914
530067,1948,1913
530081,1948,1914
530083,1949,1914
530104,1,1914
530114,1914,1913
530132,1912,1880
530146,1917,1914
530159,1914,1913
530171,1917,1914
530182,1948,1913
530189,1937,1913
530193,1937,1938
530219,1939,1913
530231,1914,1913
530245,1914,1913
530254,1939,1914
530262,1939,1914
530266,1918,1914
530276,1906,1918
530294,1914,1880
530296,1914,1880
530300,1914,1880
530338,1940,1914
530341,1918,1914
530347,1940,1914
530352,1940,1914
530357,1918,1914
530359,1,1913
530369,1940,1913
530375,1940,1913
530418,1,1912
530463,1941,1914
530467,1859,1913
530469,1917,1914
530503,1921,1914
530505,1915,1937
530514,1914,1913
530542,1937,1913
530564,1937,1914
530571,1917,1914
530577,1937,1934
530587,1917,1914
530593,1935,1933
530617,1935,1900
530650,1920,1914
530655,1919,1897
530660,1938,1914
530669,1917,1913
530685,1959,1955
530686,1959,1955
530690,1938,1914
530696,1938,1914
530724,1938,1913
530750,1933,1914
530785,1919,1914
530790,1918,1914
530793,1915,1914
530817,1917,1914
530834,1914,1913
530835,1933,1913
530845,1915,1914
530850,1933,1914
530851,1915,1914
530878,1933,1914
530893,1916,1913
530930,1915,1914
530959,1933,1913
530961,1,1912
530963,1933,1913
530974,1,1913
530986,1933,1914
530989,1933,1913
530996,1933,1914
530998,1917,1914
531000,1933,1913
531002,1917,1914
531017,1917,1914
531029,1933,1914
531048,1928,1914
531049,1928,1914
531060,1919,1914
531084,1,1933
531088,1915,1914
531101,1915,1914
531115,1917,1914
531121,1918,1913
531127,1915,1913
531138,1929,1914
531140,1859,1864
531153,1932,1914
531243,1915,1914
531263,1920,1914
531296,1917,1914
531305,1914,1913
531387,1914,1913
531415,1914,1913
531465,1914,1913
531475,1919,1913
531486,1914,1913
531487,1917,1914
531491,1914,1913
531500,1917,1914
531504,1920,1914
531511,1917,1914
531529,1917,1914
531538,1917,1913
531542,1918,1914
531543,1917,1914
531557,1917,1914
531566,1919,1914
531572,1919,1913
531576,1912,1900
531577,1916,1913
531602,1919,1914
531609,1914,1913
531610,1916,1913
531612,1917,1913
531615,1919,1913
531624,1917,1914
531636,1914,1913
531656,1917,1914
531689,1919,1913
531710,1916,1913
531716,1916,1913
531721,1915,1914
531769,1916,1914
531799,1914,1880
531811,1916,1914
531812,1916,1913
531816,1916,1914
531819,1912,1910
531836,1916,1914
531841,1,1912
531856,1914,1880
531859,1915,1913
531861,1914,1880
531868,1916,1914
531882,1916,1914
531885,1918,1914
531898,1914,1913
531909,1916,1914
531921,1914,1880
531931,1915,1913
531939,1,1913
531956,1915,1914
531962,1916,1914
531971,1916,1914
531973,1916,1914
531982,1916,1914
531983,1916,1914
531993,1916,1914
531997,1916,1914
532018,1915,1914
532046,1918,1914
532090,1914,1913
532095,1917,1914
532109,1918,1913
532116,1917,1914
532141,1,1913
532152,1917,1913
532156,1914,1913
532170,1918,1914
532198,1917,1914
532216,1914,1913
532221,1913,1906
532222,1913,1906
532232,1914,1913
532241,1918,1914
532248,1918,1913
532250,1918,1914
532251,1918,1913
532286,1917,1914
532357,1914,1913
532360,1918,1914
532416,1917,1914
532431,1918,1914
532493,1918,1914
532498,1917,1914
532500,1917,1914
532507,1918,1914
532508,1918,1914
532513,1917,1914
532515,1917,1914
532519,1918,1914
532616,1915,1914
532630,1917,1913
532674,1914,1913
532720,1918,1914
532725,1900,1918
532735,1918,1913
532741,1918,1914
532750,1918,1913
532751,1918,1914
532757,1917,1914
532781,1918,1913
532845,1918,1914
532847,1918,1913
532954,1917,1914
533023,1915,1914
533041,1917,1914
533057,1917,1905
533066,1918,1914
533097,1914,1913
533100,1917,1914
533218,1917,1914
533279,1917,1913
533282,1917,1914
533299,1918,1914
533300,1917,1914
533311,1917,1914
533324,1917,1914
533361,1917,1914
533374,1917,1914
533514,1915,1917
533517,1917,1913
533572,1917,1914
533573,1917,1914
533579,1917,1914
533588,1918,1913
533592,1914,1913
533596,1917,1914
533598,1917,1913
533609,1915,1917
533656,1,1914
533671,1917,1915
533683,1,1912
533687,1917,1914
533695,1,1912
533703,1917,1914
533712,1,1913
533721,1917,1914
533726,1917,1914
533754,1915,1914
533760,1917,1913
533765,1914,1880
533768,1915,1914
533772,1914,1880
533796,1917,1914
533801,1917,1914
533811,1917,1914
533814,1917,1914
533859,1914,1913
533862,1915,1914
533873,1917,1913
533884,1915,1914
533885,1917,1914
533916,1917,1914
533982,1917,1914
533994,1917,1905
534071,1917,1914
534076,1917,1915
534116,1913,1917
534143,1914,1880
534144,1915,1917
534146,1914,1880
534183,1917,1914
534224,1914,1913
534229,1917,1914
534230,1917,1914
534237,1917,1913
534241,1914,1913
534297,1914,1913
534317,1917,1913
534401,1917,1913
534465,1969,1913
534468,1917,1914
534472,1914,1880
534581,1917,1914
534589,1917,1914
534592,1917,1914
534600,1917,1914
534602,1917,1913
534605,1917,1914
534617,1915,1914
534628,1917,1914
534632,1914,1913
534633,1914,1913
534636,1917,1914
534637,1917,1914
534661,1917,1914
534686,1917,1913
534697,1969,1973
534745,1917,1914
534747,1917,1914
534772,1917,1914
534804,1918,1913
534857,1917,1913
534858,1917,1914
534863,1895,1888
534870,1969,1913
534902,1918,1914
534910,1913,1900
534961,1917,1914
534977,1891,1886
534983,1915,1913
534984,1915,1914
534998,1914,1913
534999,1915,1913
535009,1915,1913
535016,1915,1914
535017,1915,1913
535021,1915,1914
535022,1,1913
535025,1,1912
535026,1915,1914
535028,1,1912
535030,1,1912
535045,1915,1914
535083,1915,1914
535084,1915,1914
535093,1915,1914
535100,1915,1914
535110,1914,1913
535112,1915,1913
535117,1915,1914
535131,1915,1913
535146,1915,1914
535181,1915,1887
535192,1915,1914
535209,1915,1914
535222,1917,1914
535239,1915,1914
535262,1915,1914
535263,1915,1914
535289,1915,1914
535292,1915,1914
535309,1915,1914
535314,1915,1914
535333,1915,1914
535337,1914,1913
535339,1914,1913
535344,1915,1914
535353,1915,1914
535363,1915,1914
535367,1914,1913
535370,1907,1905
535417,1914,1913
535459,1914,1913
535519,1918,1914
535526,1914,1913
535546,1914,1913
535653,1914,1913
535654,1914,1913
535803,1914,1913
535810,1914,1913
535825,1913,1900
535872,1914,1913
535875,1914,1913
535894,1914,1913
535895,1914,1913
535904,1914,1913
535905,1914,1913
535926,1915,1913
535940,1914,1913
535962,1914,1913
535973,1914,1913
536013,1914,1913
536014,1914,1913
536019,1914,1913
536027,1914,1913
536029,1914,1913
536031,1914,1913
536033,1914,1913
536034,1914,1913
536035,1914,1913
536036,1914,1913
536059,1914,1913
536081,1914,1913
536082,1914,1913
536089,1914,1913
536091,1914,1913
536115,1914,1913
536146,1914,1913
536152,1914,1913
536157,1914,1905
536158,1914,1905
536159,1914,1905
536160,1914,1905
536163,1914,1913
536164,1914,1913
536189,1955,1914
536264,1927,1913
536265,1927,1913
536266,1918,1913
536329,1914,1913
536349,1,1913
536350,1,1913
536351,1,1913
536352,1,1913
536353,1,1914
536354,1,1914
536355,1,1914
536356,1,1914
536357,1,1914
536358,1,1914
536359,1,1914
536360,1,1914
536362,1,1914
536363,1,1914
536364,1,1914
536365,1,1914
536366,1,1914
536367,1,1914
536368,1,1914
536369,1,1914
536370,1,1914
536371,1,1914
536372,1,1914
536373,1,1914
536374,1,1914
536402,1918,1913
536414,1914,1913
536423,1914,1913
536436,1914,1880
536437,1914,1880
536438,1914,1880
536457,1914,1880
536514,1914,1913
536574,1914,1913
536598,1914,1913
536602,1914,1913
536603,1914,1913
536652,1914,1913
536693,1914,1885
536756,1913,1858
536800,1914,1913
536851,1914,1889
536855,1914,1913
536856,1914,1913
536870,1914,1905
536874,1914,1913
536875,1914,1900
536981,1914,1913
537042,1914,1913
537086,1914,1913
537113,1914,1913
537115,1914,1913
537117,1914,1913
537128,1914,1913
537153,1914,1913
537154,1914,1913
537166,1914,1913
537167,1914,1913
537168,1915,1914
537203,1914,1913
537204,1914,1913
537210,1914,1913
537641,1914,1900
537696,1918,1913
537711,1939,1937
537781,1,1913
537782,1912,1906
537805,1989,1990
537846,1918,1913
537928,1912,1900
538137,1913,1888
538140,1959,1955
538142,1955,1954
538155,1957,1905
538598,1970,1958
538668,1939,1921
538769,1934,1900
538931,1976,2012
